{"cameraMode":{"drawMode":0,"name":"Shaded","section":"Shading Mode"},"sceneLighting":true,"audioPlay":false,"sceneViewState":{"m_AlwaysRefresh":false,"showFog":true,"showSkybox":true,"showFlares":true,"showImageEffects":true,"showParticleSystems":true,"showVisualEffectGraphs":true,"m_FxEnabled":true},"in2DMode":false,"pivot":{"x":-5.692537784576416,"y":1.4641145467758179,"z":-7.3361992835998539},"rotation":{"x":0.0006055652629584074,"y":0.9990716576576233,"z":-0.04231034591794014,"w":0.026018787175416948},"size":2.9660251140594484,"orthographic":false}